liars_%,scheme,sess_mig_per_slot,sess_cost_per_slot,sess_corrupt_rate,honest_access_ms,honest_net_delay_ms,misdirected,wasted_cold,accepted,liar_flag_rate,honest_flag_rate
0,SPAVM,11.388,34.68,0.0211,5.078,30.206,1.4,0.2,781,0.0,0.0116
0,Ignore reports,13.344,41.444,0.1808,7.484,31.286,0,0,782.4,0.0,0.0116
0,Confidence (ours),11.272,34.128,0.0151,5.044,30.182,0,0,782.4,0.0,0.0116
0,Confidence + guard (ours),9.892,31.036,0.0016,9.674,30.182,0,0,782.4,0.0,0.0116
0,Oracle,11.188,33.772,0.0,4.752,30.308,0,0,782.4,0.0,0.0116
10,SPAVM,12.268,38.596,0.1306,5.062,31.032,56.2,13.8,780.2,0.9333,0.012
10,Ignore reports,13.408,41.72,0.1797,7.562,30.988,0,0,782.4,0.9333,0.012
10,Confidence (ours),11.404,34.724,0.033,5.072,31.674,0,0,782.4,0.9333,0.012
10,Confidence + guard (ours),9.796,30.828,0.0032,9.624,31.674,0,0,782.4,0.9333,0.012
10,Oracle,11.188,33.772,0.0,4.758,30.304,0,0,782.4,0.9333,0.012
20,SPAVM,12.82,40.604,0.1855,5.052,29.178,95,22,775.2,0.9126,0.0119
20,Ignore reports,13.224,41.296,0.1706,7.514,31.114,0,0,782.4,0.9126,0.0119
20,Confidence (ours),11.696,35.4,0.0489,5.01,30.596,0,0,782.4,0.9126,0.0119
20,Confidence + guard (ours),9.628,30.712,0.0074,9.554,30.596,0,0,782.4,0.9126,0.0119
20,Oracle,11.188,33.772,0.0,4.74,30.252,0,0,782.4,0.9126,0.0119
30,SPAVM,14.04,45.968,0.2724,5.088,29.802,142,34.2,772.8,0.9132,0.0121
30,Ignore reports,13.308,41.248,0.1625,7.362,30.744,0,0,782.4,0.9132,0.0121
30,Confidence (ours),12.008,36.096,0.063,5.04,31.1,0,0,782.4,0.9132,0.0121
30,Confidence + guard (ours),9.576,30.68,0.0057,9.7,31.1,0,0,782.4,0.9132,0.0121
30,Oracle,11.188,33.772,0.0,4.762,30.228,0,0,782.4,0.9132,0.0121
40,SPAVM,14.08,46.008,0.3151,5.028,30.948,187,49.8,776.6,0.9063,0.0115
40,Ignore reports,13.62,42.128,0.1701,7.538,30.74,0,0,782.4,0.9063,0.0115
40,Confidence (ours),12.224,37.116,0.0807,5.04,30.032,0,0,782.4,0.9063,0.0115
40,Confidence + guard (ours),9.448,30.492,0.0095,9.66,30.032,0,0,782.4,0.9063,0.0115
40,Oracle,11.188,33.772,0.0,4.792,30.406,0,0,782.4,0.9063,0.0115
