slot,SPAVM (no trust),SPAVM + Trust (ours),Oracle (knows attackers)
0,30.3,30.3,0.0
1,40.7,13.02,0.0
2,48.22,0.0,0.0
3,44.78,0.0,0.0
4,19.05,0.0,0.0
5,41.33,0.0,0.0
6,33.33,5.0,0.0
7,31.02,0.0,0.0
8,32.0,0.0,0.0
9,15.15,0.0,0.0
10,22.86,0.0,0.0
11,20.36,0.0,0.0
12,17.14,0.0,0.0
13,24.0,0.0,0.0
14,28.0,0.0,0.0
15,28.59,0.0,0.0
16,7.33,0.0,0.0
17,18.83,0.0,0.0
18,28.79,0.0,0.0
19,29.67,0.0,0.0
20,16.43,0.0,0.0
21,27.43,0.0,0.0
22,24.67,0.0,0.0
23,34.79,0.0,0.0
24,15.54,0.0,0.0
25,32.99,0.0,0.0
26,22.33,0.0,0.0
27,26.22,0.0,0.0
28,34.3,0.0,0.0
29,26.76,0.0,0.0
30,21.33,0.0,0.0
31,37.7,0.0,0.0
32,29.73,0.0,0.0
33,27.18,0.0,0.0
34,31.71,0.0,0.0
35,11.78,0.0,0.0
36,29.5,0.0,0.0
37,29.56,0.0,0.0
38,31.56,0.0,0.0
39,40.32,0.0,0.0
40,28.23,0.0,0.0
41,28.0,0.0,0.0
42,35.67,0.0,0.0
43,38.66,0.0,0.0
44,25.11,0.0,0.0
45,33.9,0.0,0.0
46,27.57,0.0,0.0
47,24.36,0.0,0.0
48,25.72,0.0,0.0
49,29.67,0.0,0.0
