attackers_%,scheme,poisoned_rate,secure_rate,avg_delay_per_request,acceptance,false_block_share,cold,probes,avg_detect_slot
0,SPAVM (no trust),0.0,1.0,0.1853,0.969,0.0,121.6,0,
0,SPAVM + Trust (ours),0.0,1.0,0.1836,0.969,0.0404,120,150,
0,Oracle (knows attackers),0.0,1.0,0.1853,0.969,0.0,121.6,0,
10,SPAVM (no trust),0.201,0.799,0.1853,0.969,0.0,121.6,0,
10,SPAVM + Trust (ours),0.0074,0.9926,0.1702,0.969,0.0474,107.6,150,2.0
10,Oracle (knows attackers),0.0,1.0,0.1586,0.969,0.0,99.4,0,0.0
20,SPAVM (no trust),0.2945,0.7055,0.1853,0.969,0.0,121.6,0,
20,SPAVM + Trust (ours),0.0116,0.9884,0.1777,0.9604,0.0444,113.8,150,1.8
20,Oracle (knows attackers),0.0,1.0,0.1589,0.969,0.0,99.6,0,0.0
30,SPAVM (no trust),0.4257,0.5743,0.1853,0.969,0.0,121.6,0,
30,SPAVM + Trust (ours),0.0169,0.9831,0.1977,0.9518,0.0726,127.4,150,0.932
30,Oracle (knows attackers),0.0,1.0,0.1595,0.9686,0.0,101,0,0.0
40,SPAVM (no trust),0.5175,0.4825,0.1853,0.969,0.0,121.6,0,
40,SPAVM + Trust (ours),0.0229,0.9771,0.1981,0.9494,0.068,127,150,1.2
40,Oracle (knows attackers),0.0,1.0,0.1563,0.968,0.0,98.4,0,0.0
