slot,RSU0,RSU1,RSU2,RSU3,RSU4,RSU5,RSU6_BAD,RSU7,RSU8,RSU9_BAD
0,0.6,0.667,0.75,0.5,0.818,0.5,0.5,0.5,0.667,0.5
1,0.321,0.706,0.822,0.5,0.766,0.667,0.5,0.5,0.744,0.364
2,0.33,0.848,0.856,0.667,0.706,0.655,0.5,0.647,0.788,0.37
3,0.518,0.837,0.775,0.655,0.705,0.644,0.5,0.75,0.775,0.623
4,0.517,0.825,0.782,0.644,0.722,0.634,0.5,0.792,0.762,0.668
5,0.599,0.824,0.82,0.673,0.748,0.624,0.5,0.779,0.833,0.296
6,0.658,0.842,0.826,0.747,0.774,0.614,0.5,0.766,0.879,0.299
7,0.652,0.843,0.851,0.79,0.786,0.605,0.5,0.753,0.884,0.302
8,0.647,0.845,0.856,0.777,0.823,0.713,0.5,0.793,0.907,0.305
9,0.641,0.833,0.881,0.764,0.853,0.7,0.091,0.78,0.924,0.172
10,0.636,0.821,0.882,0.8,0.867,0.687,0.099,0.767,0.932,0.218
11,0.63,0.84,0.898,0.788,0.885,0.755,0.108,0.773,0.937,0.221
12,0.694,0.835,0.832,0.816,0.848,0.742,0.117,0.76,0.939,0.224
13,0.686,0.823,0.843,0.836,0.86,0.786,0.127,0.798,0.939,0.228
14,0.678,0.82,0.851,0.824,0.875,0.773,0.241,0.785,0.942,0.285
15,0.67,0.845,0.88,0.812,0.893,0.786,0.247,0.83,0.943,0.172
16,0.662,0.833,0.882,0.799,0.897,0.815,0.254,0.846,0.941,0.214
17,0.654,0.685,0.855,0.787,0.887,0.835,0.262,0.868,0.922,0.217
18,0.646,0.723,0.875,0.815,0.832,0.823,0.27,0.622,0.916,0.22
19,0.716,0.753,0.881,0.803,0.842,0.811,0.278,0.638,0.919,0.224
20,0.706,0.746,0.888,0.79,0.858,0.799,0.286,0.708,0.913,0.277
21,0.696,0.773,0.797,0.777,0.809,0.786,0.412,0.752,0.907,0.327
22,0.75,0.765,0.799,0.764,0.813,0.773,0.503,0.775,0.901,0.33
23,0.739,0.757,0.827,0.751,0.834,0.76,0.503,0.79,0.902,0.332
24,0.728,0.784,0.832,0.792,0.845,0.798,0.503,0.785,0.895,0.335
25,0.717,0.775,0.847,0.779,0.858,0.823,0.503,0.819,0.897,0.338
26,0.706,0.766,0.86,0.811,0.874,0.827,0.503,0.826,0.899,0.342
27,0.695,0.757,0.879,0.798,0.89,0.815,0.503,0.82,0.901,0.41
28,0.684,0.748,0.887,0.823,0.894,0.82,0.503,0.827,0.894,0.47
29,0.673,0.781,0.853,0.811,0.87,0.839,0.502,0.832,0.886,0.47
30,0.663,0.771,0.866,0.799,0.877,0.853,0.502,0.826,0.877,0.526
31,0.652,0.761,0.827,0.786,0.849,0.853,0.606,0.835,0.868,0.525
32,0.642,0.792,0.837,0.773,0.862,0.872,0.601,0.851,0.858,0.524
33,0.726,0.782,0.858,0.76,0.875,0.871,0.597,0.863,0.848,0.524
34,0.714,0.771,0.827,0.746,0.864,0.87,0.592,0.879,0.837,0.583
35,0.702,0.801,0.845,0.733,0.846,0.868,0.587,0.786,0.826,0.58
36,0.69,0.822,0.855,0.72,0.866,0.615,0.582,0.815,0.815,0.578
37,0.678,0.838,0.853,0.707,0.871,0.649,0.578,0.83,0.834,0.576
38,0.667,0.851,0.85,0.695,0.879,0.658,0.155,0.85,0.823,0.634
39,0.69,0.841,0.869,0.792,0.894,0.654,0.161,0.868,0.811,0.63
40,0.678,0.853,0.871,0.791,0.897,0.695,0.168,0.88,0.799,0.626
41,0.667,0.853,0.871,0.818,0.906,0.707,0.253,0.895,0.787,0.621
42,0.656,0.863,0.878,0.838,0.913,0.703,0.258,0.904,0.774,0.617
43,0.645,0.853,0.875,0.826,0.915,0.731,0.338,0.899,0.806,0.612
44,0.635,0.863,0.88,0.814,0.918,0.725,0.341,0.895,0.829,0.607
45,0.726,0.871,0.808,0.801,0.899,0.72,0.167,0.908,0.817,0.676
46,0.713,0.877,0.805,0.788,0.871,0.713,0.171,0.844,0.805,0.24
47,0.769,0.883,0.817,0.775,0.878,0.707,0.175,0.845,0.827,0.143
48,0.803,0.873,0.84,0.762,0.887,0.7,0.107,0.854,0.816,0.147
49,0.791,0.863,0.852,0.799,0.903,0.693,0.111,0.872,0.835,0.151
