slot,arrived,accepted,cloud_uncovered,cloud_infeasible,reuse,cold,migrations,deleted,containers,D_tra,D_hop,D_dep,D_mig,R_comp,R_mig,R_keep,Q_sum,poisoned,poisoned_on_reuse,probes,lies_caught,drained,bad_blocked,good_blocked,D_total,R_total
0,3,3,0,0,4,4,0,0,4,0.028057783952284865,0.02,2.0,0.0,1.0,0.0,0.2,0.0,0,0,0,0,0,0,0,2.048057783952285,1.2
1,2,1,1,0,2,2,0,0,6,0.012300317488485514,0.0,1.0,0.0,0.6000000000000001,0.0,0.30000000000000004,0.0,0,0,0,0,0,0,0,1.0123003174884855,0.9000000000000001
2,3,3,0,0,3,8,0,0,14,0.026548936629103244,0.03,4.0,0.0,8.2,0.0,0.7000000000000001,0.0,0,0,0,0,0,0,0,4.056548936629103,8.899999999999999
3,5,5,0,0,12,6,0,0,20,0.043087152616452205,0.0,3.0,0.0,3.6,0.0,1.0,0.0,0,0,0,0,0,0,0,3.0430871526164522,4.6
4,5,4,1,0,12,3,0,3,20,0.0422630601720154,0.03,1.5,0.0,2.2,0.0,1.0,0.0,0,0,0,0,0,0,0,1.5722630601720153,3.2
5,8,8,0,0,30,2,0,0,22,0.06300658502710355,0.060000000000000005,1.0,0.0,0.8,0.0,1.1,0.0,0,0,0,0,0,0,0,1.1230065850271036,1.9000000000000001
6,4,4,0,0,11,0,0,2,20,0.022882410688413624,0.01,0.0,0.0,0.0,0.0,1.0,0.0,0,0,0,0,0,0,0,0.032882410688413626,1.0
7,2,2,0,0,5,0,0,0,20,0.018212331520058977,0.02,0.0,0.0,0.0,0.0,1.0,0.0,0,0,0,0,0,0,0,0.03821233152005898,1.0
8,4,4,0,0,14,0,0,5,15,0.04544104421760782,0.03,0.0,0.0,0.0,0.0,0.75,0.0,0,0,0,0,0,0,0,0.07544104421760782,0.75
9,3,3,0,0,11,4,0,0,19,0.033152577662700626,0.01,2.0,0.0,3.0,0.0,0.9500000000000001,0.0,0,0,0,0,0,0,0,2.0431525776627004,3.95
