slot,arrived,accepted,cloud_uncovered,cloud_infeasible,reuse,cold,migrations,deleted,containers,D_tra,D_hop,D_dep,D_mig,R_comp,R_mig,R_keep,Q_sum,poisoned,poisoned_on_reuse,probes,lies_caught,drained,bad_blocked,good_blocked,honest_reports,honest_flagged,liar_reports,liar_flagged,misdirected,wasted_cold,honest_reqs,honest_accepted,honest_served,honest_net_delay,corrupt_mig,sess_mig,sess_corrupt,sess_cost,sess_honest,sess_access_delay,D_total,R_total
0,11,9,2,0,20,28,1,0,28,0.08990869908092891,0.14,14.0,0.01,16.0,2.0,1.4000000000000001,1.0,0,0,0,0,0,0,0,0,0,0,0,0,0,0,0,0,0.0,0,0,0,0.0,0,0.0,14.239908699080928,19.4
1,13,11,2,0,39,12,0,0,40,0.10319537601473214,0.3999999999999999,6.0,0.0,7.400000000000001,0.0,2.0,0.0,0,0,0,0,0,0,0,0,0,0,0,0,0,0,0,0,0.0,0,0,0,0.0,0,0.0,6.503195376014732,9.400000000000002
2,19,17,2,0,56,18,2,0,58,0.1328692057953798,0.32000000000000006,9.0,0.02,6.000000000000001,4.0,2.9000000000000004,3.0,0,0,0,0,0,0,0,0,0,0,0,0,0,0,0,0,0.0,0,0,0,0.0,0,0.0,9.47286920579538,12.9
3,14,14,0,0,53,5,3,4,59,0.14418040982329958,0.31000000000000005,2.5,0.03,1.0,3.0,2.95,4.0,0,0,0,0,0,0,0,0,0,0,0,0,0,0,0,0,0.0,0,0,0,0.0,0,0.0,2.9841804098232996,6.95
4,19,18,1,0,86,5,0,1,63,0.16836812375130947,0.5300000000000001,2.5,0.0,1.2,0.0,3.1500000000000004,2.0,0,0,0,0,0,0,0,0,0,0,0,0,0,0,0,0,0.0,0,0,0,0.0,0,0.0,3.1983681237513095,4.3500000000000005
5,16,15,1,0,60,8,3,6,65,0.12259534702495077,0.31,4.0,0.03,2.8,3.0,3.25,1.0,0,0,0,0,0,0,0,0,0,0,0,0,0,0,0,0,0.0,0,0,0,0.0,0,0.0,4.462595347024951,9.05
6,9,8,1,0,33,2,0,1,66,0.06563702124366985,0.16,1.0,0.0,0.4,0.0,3.3000000000000003,0.0,0,0,0,0,0,0,0,0,0,0,0,0,0,0,0,0,0.0,0,0,0,0.0,0,0.0,1.2256370212436698,3.7
7,21,21,0,0,92,6,1,5,67,0.19987807612312672,0.5100000000000001,3.0,0.01,2.4,1.0,3.35,0.0,0,0,0,0,0,0,0,0,0,0,0,0,0,0,0,0,0.0,0,0,0,0.0,0,0.0,3.7198780761231265,6.75
8,12,12,0,0,53,0,2,7,60,0.1077375898899171,0.30000000000000004,0.0,0.02,0.0,2.0,3.0,0.0,0,0,0,0,0,0,0,0,0,0,0,0,0,0,0,0,0.0,0,0,0,0.0,0,0.0,0.42773758988991717,5.0
9,14,12,2,0,51,0,1,1,59,0.1076284181310897,0.22999999999999998,0.0,0.01,0.0,2.0,2.95,1.0,0,0,0,0,0,0,0,0,0,0,0,0,0,0,0,0,0.0,0,0,0,0.0,0,0.0,0.3476284181310897,4.95
10,15,14,1,0,69,6,0,5,60,0.13251427329125107,0.3800000000000001,3.0,0.0,4.200000000000001,0.0,3.0,0.0,0,0,0,0,0,0,0,0,0,0,0,0,0,0,0,0,0.0,0,0,0,0.0,0,0.0,3.5125142732912513,7.200000000000001
11,16,16,0,0,78,7,0,1,66,0.131137353062529,0.44,3.5,0.0,3.2,0.0,3.3000000000000003,0.0,0,0,0,0,0,0,0,0,0,0,0,0,0,0,0,0,0.0,0,0,0,0.0,0,0.0,4.071137353062529,6.5
12,19,19,0,0,77,3,0,3,66,0.17721672054335186,0.39,1.5,0.0,1.2000000000000002,0.0,3.3000000000000003,0.0,0,0,0,0,0,0,0,0,0,0,0,0,0,0,0,0,0.0,0,0,0,0.0,0,0.0,2.067216720543352,4.5
13,17,16,1,0,71,3,1,5,64,0.1646989518153093,0.27,1.5,0.01,0.6000000000000001,2.0,3.2,1.0,0,0,0,0,0,0,0,0,0,0,0,0,0,0,0,0,0.0,0,0,0,0.0,0,0.0,1.9446989518153093,5.800000000000001
14,15,14,1,0,61,2,0,6,60,0.11013634137974536,0.35,1.0,0.0,0.4,0.0,3.0,0.0,0,0,0,0,0,0,0,0,0,0,0,0,0,0,0,0,0.0,0,0,0,0.0,0,0.0,1.4601363413797452,3.4
15,12,12,0,0,44,2,0,9,53,0.09554103629688014,0.29000000000000004,1.0,0.0,0.4,0.0,2.6500000000000004,0.0,0,0,0,0,0,0,0,0,0,0,0,0,0,0,0,0,0.0,0,0,0,0.0,0,0.0,1.38554103629688,3.0500000000000003
16,14,14,0,0,62,7,0,7,53,0.13508139808977387,0.31999999999999995,3.5,0.0,3.4000000000000004,0.0,2.6500000000000004,0.0,0,0,0,0,0,0,0,0,0,0,0,0,0,0,0,0,0.0,0,0,0,0.0,0,0.0,3.955081398089774,6.050000000000001
17,14,14,0,0,62,11,0,6,58,0.11959148908915711,0.4,5.5,0.0,3.9999999999999996,0.0,2.9000000000000004,0.0,0,0,0,0,0,0,0,0,0,0,0,0,0,0,0,0,0.0,0,0,0,0.0,0,0.0,6.019591489089157,6.9
18,13,13,0,0,60,1,1,1,58,0.09594517152593994,0.29999999999999993,0.5,0.01,0.8,1.0,2.9000000000000004,0.0,0,0,0,0,0,0,0,0,0,0,0,0,0,0,0,0,0.0,0,0,0,0.0,0,0.0,0.9059451715259399,4.7
19,16,16,0,0,69,8,0,3,63,0.15845736696883927,0.37000000000000005,4.0,0.0,2.2,0.0,3.1500000000000004,0.0,0,0,0,0,0,0,0,0,0,0,0,0,0,0,0,0,0.0,0,0,0,0.0,0,0.0,4.528457366968839,5.3500000000000005
