x,variant,D_total,D_hop,R_total,migrations,reuse_ratio,acceptance
10,SPAVM (SPVIR+VIMA),37.4922,3.108,104.28,9.6,0.8984,0.9716
10,SPVIR only,38.8162,3.828,95.0,0,0.8958,0.9716
10,No reuse,322.4844,0.404,623.32,0,0.0,0.9652
20,SPAVM (SPVIR+VIMA),64.9496,6.606,184.2,12.2,0.905,0.9614
20,SPVIR only,64.7456,7.224,167.4,0,0.9062,0.9614
20,No reuse,596.9356,0.614,1170.52,0,0.0,0.9614
30,SPAVM (SPVIR+VIMA),94.2119,9.638,238.51,12.2,0.9108,0.9584
30,SPVIR only,96.0479,10.096,226.0,0,0.9092,0.9584
30,No reuse,911.0448,0.906,1691.6,0,0.0,0.955
40,SPAVM (SPVIR+VIMA),114.0467,13.844,287.09,14.2,0.9202,0.9632
40,SPVIR only,114.3287,14.868,270.68,0,0.921,0.9632
40,No reuse,1214.2958,1.142,2231.72,0,0.0,0.962
